ss,data_set,site,station,latit,longit,mineable,lapr,mclelland,region,wetland
AM:401:CT,AM,401,CT,54.659588,-110.70787,0,1,NA,unmineable,NA
AM:401:NE,AM,401,NE,54.662427,-110.70374,0,1,NA,unmineable,NA
AM:401:NW,AM,401,NW,54.662224,-110.7129,0,1,NA,unmineable,NA
AM:401:SE,AM,401,SE,54.657827,-110.70662,0,1,NA,unmineable,NA
AM:401:SW,AM,401,SW,54.656922,-110.71297,0,1,NA,unmineable,NA
AM:403:CT,AM,403,CT,54.610992,-110.68858,0,1,NA,unmineable,NA
AM:403:NE,AM,403,NE,54.613648,-110.67989,0,1,NA,unmineable,NA
AM:403:NW,AM,403,NW,54.614084,-110.68495,0,1,NA,unmineable,NA
AM:403:SE,AM,403,SE,54.608119,-110.6804,0,1,NA,unmineable,NA
AM:403:SW,AM,403,SW,54.608253,-110.68923,0,1,NA,unmineable,NA
AM:412:CT,AM,412,CT,57.496453,-111.3596,1,1,west,west,McClelland Lake Fen - West
AM:412:NW,AM,412,NW,57.498502,-111.36571000000001,1,1,west,west,McClelland Lake Fen - West
AM:412:SW,AM,412,SW,57.494146,-111.3653,1,1,west,west,McClelland Lake Fen - West
AM:414:CT,AM,414,CT,57.513788,-111.34433,1,1,west,west,McClelland Lake Fen - West
AM:414:NE,AM,414,NE,57.51591,-111.34007,1,1,west,west,McClelland Lake Fen - West
AM:414:NW,AM,414,NW,57.518273,-111.34637,1,1,west,west,McClelland Lake Fen - West
AM:414:SE,AM,414,SE,57.51132,-111.3499,1,1,west,west,McClelland Lake Fen - West
AM:414:SW,AM,414,SW,57.51534,-111.35134,1,1,west,west,McClelland Lake Fen - West
AM:420:CT,AM,420,CT,55.736424,-111.23068,0,1,NA,unmineable,NA
AM:420:NE,AM,420,NE,55.739182,-111.22592,0,1,NA,unmineable,NA
AM:420:NW,AM,420,NW,55.73911,-111.23548,0,1,NA,unmineable,NA
AM:420:SE,AM,420,SE,55.733836,-111.22586,0,1,NA,unmineable,NA
AM:420:SW,AM,420,SW,55.733791,-111.23538,0,1,NA,unmineable,NA
AM:422:CT,AM,422,CT,55.751626,-110.53662,0,1,NA,unmineable,NA
AM:423:CT,AM,423,CT,55.816164,-110.57813,0,1,NA,unmineable,NA
AM:423:NE,AM,423,NE,55.818843,-110.57334,0,1,NA,unmineable,NA
AM:423:NW,AM,423,NW,55.818921,-110.5829,0,1,NA,unmineable,NA
AM:423:SE,AM,423,SE,55.813497,-110.57335,0,1,NA,unmineable,NA
AM:423:SW,AM,423,SW,55.81353,-110.58296,0,1,NA,unmineable,NA
AM:424:CT,AM,424,CT,55.833784,-110.84702,0,1,NA,unmineable,NA
AM:424:NE,AM,424,NE,55.836545,-110.8423,0,1,NA,unmineable,NA
AM:424:NW,AM,424,NW,55.836584,-110.85185,0,1,NA,unmineable,NA
AM:424:SE,AM,424,SE,55.83119,-110.84242,0,1,NA,unmineable,NA
AM:424:SW,AM,424,SW,55.831112,-110.85219,0,1,NA,unmineable,NA
AM:425:CT,AM,425,CT,55.92862,-111.14719,0,1,NA,unmineable,NA
AM:425:NE,AM,425,NE,55.931393,-111.14248,0,1,NA,unmineable,NA
AM:425:NW,AM,425,NW,55.931283,-111.15194,0,1,NA,unmineable,NA
AM:425:SE,AM,425,SE,55.926074,-111.14238,0,1,NA,unmineable,NA
AM:425:SW,AM,425,SW,55.9259,-111.15202,0,1,NA,unmineable,NA
AM:426:CT,AM,426,CT,55.889999,-110.52696,0,1,NA,unmineable,NA
AM:426:NE,AM,426,NE,55.891998,-110.52115,0,1,NA,unmineable,NA
AM:426:NW,AM,426,NW,55.891999,-110.53066,0,1,NA,unmineable,NA
AM:426:SE,AM,426,SE,55.888943,-110.51869,0,1,NA,unmineable,NA
AM:426:SW,AM,426,SW,55.887133,-110.53173,0,1,NA,unmineable,NA
AM:427:CT,AM,427,CT,56.224053,-110.8471,0,1,NA,unmineable,NA
AM:427:NE,AM,427,NE,56.226769,-110.84226,0,1,NA,unmineable,NA
AM:427:NW,AM,427,NW,56.226754,-110.85188,0,1,NA,unmineable,NA
AM:427:SE,AM,427,SE,56.221342,-110.84222,0,1,NA,unmineable,NA
AM:427:SW,AM,427,SW,56.22139,-110.85193,0,1,NA,unmineable,NA
AM:429:CT,AM,429,CT,56.900088,-111.91977,0,1,NA,unmineable,NA
AM:429:NE,AM,429,NE,56.902819,-111.9149,0,1,NA,unmineable,NA
AM:429:NW,AM,429,NW,56.902747,-111.92475,0,1,NA,unmineable,NA
AM:429:SE,AM,429,SE,56.89743,-111.91477,0,1,NA,unmineable,NA
AM:429:SW,AM,429,SW,56.897357,-111.92462,0,1,NA,unmineable,NA
AM:433:CT,AM,433,CT,56.207259,-110.73888,0,1,NA,unmineable,NA
AM:433:NE,AM,433,NE,56.210161,-110.73474,0,1,NA,unmineable,NA
AM:433:NW,AM,433,NW,56.210054,-110.74367,0,1,NA,unmineable,NA
AM:433:SE,AM,433,SE,56.204553,-110.73405,0,1,NA,unmineable,NA
AM:433:SW,AM,433,SW,56.204573,-110.74367,0,1,NA,unmineable,NA
AM:441:CT,AM,441,CT,55.159962,-111.76915,0,1,NA,unmineable,NA
AM:441:NE,AM,441,NE,55.162319,-111.76438,0,1,NA,unmineable,NA
AM:441:NW,AM,441,NW,55.162258,-111.77411,0,1,NA,unmineable,NA
AM:441:SE,AM,441,SE,55.156629,-111.76612,0,1,NA,unmineable,NA
AM:441:SW,AM,441,SW,55.156741,-111.77391,0,1,NA,unmineable,NA
AM:442:CT,AM,442,CT,55.085589,-111.75774,0,1,NA,unmineable,NA
AM:442:NE,AM,442,NE,55.088367,-111.75316,0,1,NA,unmineable,NA
AM:442:NW,AM,442,NW,55.088178,-111.76194,0,1,NA,unmineable,NA
AM:442:SE,AM,442,SE,55.083004,-111.75284,0,1,NA,unmineable,NA
AM:442:SW,AM,442,SW,55.082836,-111.76255,0,1,NA,unmineable,NA
RS:26:N,RS,26,N,57.454565,-111.16625,1,1,east,east,McClelland Lake Fen - East
RS:26:P,RS,26,P,57.45649,-111.18339,1,1,east,east,McClelland Lake Fen - East
RS:26:Q,RS,26,Q,57.456815,-111.19456,1,1,east,east,McClelland Lake Fen - East
RS:26:R,RS,26,R,57.456717,-111.20556,1,1,east,east,McClelland Lake Fen - East
RS:26:T,RS,26,T,57.458976,-111.16612,1,1,east,east,McClelland Lake Fen - East
RS:26:U,RS,26,U,57.460741,-111.17618,1,1,east,east,McClelland Lake Fen - East
RS:26:V,RS,26,V,57.463781,-111.16629,1,1,east,east,McClelland Lake Fen - East
RS:26:W,RS,26,W,57.467265,-111.17386,1,1,east,east,McClelland Lake Fen - East
RS:27:B,RS,27,B,57.293979,-111.25569,1,1,east,east,McClelland Lake Fen - East
RS:27:E,RS,27,E,57.281817,-111.25513,1,1,east,east,McClelland Lake Fen - East
RS:27:F,RS,27,F,57.307244,-111.23872,1,1,east,east,McClelland Lake Fen - East
RS:27:G,RS,27,G,57.312059,-111.21901,1,1,east,east,McClelland Lake Fen - East
RS:27:H,RS,27,H,57.310039,-111.22377,1,1,east,east,McClelland Lake Fen - East
RS:27:I,RS,27,I,57.307799,-111.21502,1,1,east,east,McClelland Lake Fen - East
RS:27:J,RS,27,J,57.311919,-111.21151,1,1,east,east,McClelland Lake Fen - East
Y:200@1:CT,Y,200@1,CT,54.628822,-110.73136,0,1,NA,unmineable,Marguerite Lake Wetlands
Y:200@1:NE,Y,200@1,NE,54.63144,-110.72689,0,1,NA,unmineable,Marguerite Lake Wetlands
Y:200@1:NW,Y,200@1,NW,54.630776,-110.73522,0,1,NA,unmineable,Marguerite Lake Wetlands
Y:200@1:SE,Y,200@1,SE,54.626048,-110.72693,0,1,NA,unmineable,Marguerite Lake Wetlands
Y:200@1:SW,Y,200@1,SW,54.625931,-110.73486,0,1,NA,unmineable,Marguerite Lake Wetlands
Y:201@1:CT,Y,201@1,CT,54.640751,-110.71888,0,1,NA,unmineable,Marguerite Lake Wetlands
Y:201@1:NE,Y,201@1,NE,54.643436,-110.71421,0,1,NA,unmineable,Marguerite Lake Wetlands
Y:201@1:NW,Y,201@1,NW,54.643457,-110.72351,0,1,NA,unmineable,Marguerite Lake Wetlands
Y:201@1:SW,Y,201@1,SW,54.638065,-110.72355,0,1,NA,unmineable,Marguerite Lake Wetlands
Y:207@1:A,Y,207@1,A,54.612745,-110.78367,0,1,NA,unmineable,Marguerite Lake Wetlands
Y:207@1:B,Y,207@1,B,54.615219,-110.77502,0,1,NA,unmineable,Marguerite Lake Wetlands
Y:207@1:C,Y,207@1,C,54.620762,-110.77405,0,1,NA,unmineable,Marguerite Lake Wetlands
Y:207@1:D,Y,207@1,D,54.622615,-110.76557,0,1,NA,unmineable,Marguerite Lake Wetlands
Y:207@1:E,Y,207@1,E,54.623288,-110.75554,0,1,NA,unmineable,Marguerite Lake Wetlands
Y:214@4:CT,Y,214@4,CT,54.55646,-110.2561,0,1,NA,unmineable,NA
Y:214@4:NE,Y,214@4,NE,54.558575,-110.25223,0,1,NA,unmineable,NA
Y:214@4:NW,Y,214@4,NW,54.558641,-110.26145,0,1,NA,unmineable,NA
Y:214@4:SE,Y,214@4,SE,54.553606,-110.25235,0,1,NA,unmineable,NA
Y:214@4:SW,Y,214@4,SW,54.55324,-110.2616,0,1,NA,unmineable,NA
Y:216@5:CT,Y,216@5,CT,54.437185,-110.06426,0,1,NA,unmineable,Southern Cold Lake
Y:216@5:NE,Y,216@5,NE,54.439305,-110.05959,0,1,NA,unmineable,Southern Cold Lake
Y:216@5:NW,Y,216@5,NW,54.439916,-110.06882,0,1,NA,unmineable,Southern Cold Lake
Y:216@5:SE,Y,216@5,SE,54.434464,-110.05991,0,1,NA,unmineable,Southern Cold Lake
Y:216@5:SW,Y,216@5,SW,54.43604,-110.07087,0,1,NA,unmineable,Southern Cold Lake
Y:217@5:CT,Y,217@5,CT,54.439142,-110.08875,0,1,NA,unmineable,Southern Cold Lake
Y:217@5:NE,Y,217@5,NE,54.439996,-110.08276,0,1,NA,unmineable,Southern Cold Lake
Y:217@5:NW,Y,217@5,NW,54.440102,-110.09201,0,1,NA,unmineable,Southern Cold Lake
Y:217@5:SE,Y,217@5,SE,54.435251,-110.08277,0,1,NA,unmineable,Southern Cold Lake
Y:217@5:SW,Y,217@5,SW,54.434612,-110.09229,0,1,NA,unmineable,Southern Cold Lake
Y:218@5:CT,Y,218@5,CT,54.438584,-110.11031,0,1,NA,unmineable,Southern Cold Lake
Y:218@5:NE,Y,218@5,NE,54.441353,-110.10552,0,1,NA,unmineable,Southern Cold Lake
Y:218@5:NW,Y,218@5,NW,54.441457,-110.11479,0,1,NA,unmineable,Southern Cold Lake
Y:218@5:SE,Y,218@5,SE,54.436,-110.10575,0,1,NA,unmineable,Southern Cold Lake
Y:218@5:SW,Y,218@5,SW,54.436129,-110.11505,0,1,NA,unmineable,Southern Cold Lake
Y:223@6:CT,Y,223@6,CT,54.531149,-111.23243,0,1,NA,unmineable,NA
Y:223@6:NE,Y,223@6,NE,54.532906,-111.23017,0,1,NA,unmineable,NA
Y:223@6:NW,Y,223@6,NW,54.532922,-111.24035,0,1,NA,unmineable,NA
Y:223@6:SE,Y,223@6,SE,54.527407,-111.22927,0,1,NA,unmineable,NA
Y:223@6:SW,Y,223@6,SW,54.527778,-111.23757,0,1,NA,unmineable,NA
Y:224@7:CT,Y,224@7,CT,57.521311,-111.31485,1,1,west,west,McClelland Lake Fen - West
Y:224@7:NE,Y,224@7,NE,57.524951,-111.3097,1,1,west,west,McClelland Lake Fen - West
Y:224@7:NW,Y,224@7,NW,57.524202,-111.3193,1,1,west,west,McClelland Lake Fen - West
Y:224@7:SE,Y,224@7,SE,57.518638,-111.3097,1,1,west,west,McClelland Lake Fen - West
Y:224@7:SW,Y,224@7,SW,57.518812,-111.31925,1,1,west,west,McClelland Lake Fen - West
Y:229@8:CT,Y,229@8,CT,57.587441,-111.4465,1,1,NA,mineable,NA
Y:229@8:NE,Y,229@8,NE,57.590252,-111.44167,1,1,NA,mineable,NA
Y:229@8:NW,Y,229@8,NW,57.590027,-111.45182,1,1,NA,mineable,NA
Y:229@8:SE,Y,229@8,SE,57.5848,-111.44152,1,1,NA,mineable,NA
Y:229@8:SW,Y,229@8,SW,57.584728,-111.45148,1,1,NA,mineable,NA
Y:234@24:A,Y,234@24,A,57.420298,-111.55057,1,1,west,west,McClelland Lake Fen - West
Y:234@24:B,Y,234@24,B,57.420613,-111.54625,1,1,west,west,McClelland Lake Fen - West
Y:234@24:C,Y,234@24,C,57.419253,-111.55529,1,1,west,west,McClelland Lake Fen - West
Y:234@24:D,Y,234@24,D,57.423524,-111.5357,1,1,west,west,McClelland Lake Fen - West
Y:234@24:E,Y,234@24,E,57.426923,-111.53294,1,1,west,west,McClelland Lake Fen - West
Y:235@24:A,Y,235@24,A,57.430139,-111.51556,1,1,west,west,McClelland Lake Fen - West
Y:236@10:CT,Y,236@10,CT,57.644641,-111.20764,1,1,NA,mineable,NA
Y:236@10:NE,Y,236@10,NE,57.64729,-111.20258,1,1,NA,mineable,NA
Y:236@10:NW,Y,236@10,NW,57.647273,-111.21263,1,1,NA,mineable,NA
Y:236@10:SE,Y,236@10,SE,57.6419,-111.20255,1,1,NA,mineable,NA
Y:236@10:SW,Y,236@10,SW,57.641938,-111.21262,1,1,NA,mineable,NA
Y:237@10:CT,Y,237@10,CT,57.652873,-111.22622,1,1,NA,mineable,NA
Y:237@10:NE,Y,237@10,NE,57.655505,-111.22126,1,1,NA,mineable,NA
Y:237@10:NW,Y,237@10,NW,57.655487,-111.23132,1,1,NA,mineable,NA
Y:237@10:SE,Y,237@10,SE,57.650115,-111.22123,1,1,NA,mineable,NA
Y:237@10:SW,Y,237@10,SW,57.650097,-111.23128,1,1,NA,mineable,NA
Y:238@24:A,Y,238@24,A,57.433172,-111.46314,1,1,west,west,McClelland Lake Fen - West
Y:238@24:B,Y,238@24,B,57.4277,-111.46349,1,1,west,west,McClelland Lake Fen - West
Y:239@24:A,Y,239@24,A,57.438473,-111.46054,1,1,west,west,McClelland Lake Fen - West
Y:239@24:B,Y,239@24,B,57.44237,-111.46819,1,1,west,west,McClelland Lake Fen - West
Y:240@11:NE,Y,240@11,NE,57.816259,-111.11743,0,1,NA,unmineable,NA
Y:240@11:NW,Y,240@11,NW,57.816464,-111.12779,0,1,NA,unmineable,NA
Y:240@11:SE,Y,240@11,SE,57.810887,-111.11748,0,1,NA,unmineable,NA
Y:240@11:SW,Y,240@11,SW,57.810877,-111.12758,0,1,NA,unmineable,NA
Y:241@24:A,Y,241@24,A,57.444553,-111.45084,1,1,west,west,McClelland Lake Fen - West
Y:242@24:A,Y,242@24,A,57.441426,-111.43846,1,1,west,west,McClelland Lake Fen - West
Y:242@24:B,Y,242@24,B,57.445361,-111.43579,1,1,west,west,McClelland Lake Fen - West
Y:242@24:C,Y,242@24,C,57.452474,-111.44647,1,1,west,west,McClelland Lake Fen - West
Y:243@24:A,Y,243@24,A,57.457762,-111.40753,1,1,west,west,McClelland Lake Fen - West
Y:243@24:B,Y,243@24,B,57.45466,-111.41393,1,1,west,west,McClelland Lake Fen - West
Y:243@24:C,Y,243@24,C,57.457677,-111.4223,1,1,west,west,McClelland Lake Fen - West
Y:243@24:D,Y,243@24,D,57.460226,-111.41505,1,1,west,west,McClelland Lake Fen - West
Y:245@24:G,Y,245@24,G,57.467079,-111.3927,1,1,west,west,McClelland Lake Fen - West
Y:245@24:H,Y,245@24,H,57.453673,-111.38809,1,1,west,west,McClelland Lake Fen - West
Y:246@24:A,Y,246@24,A,57.434523,-111.48599,1,1,west,west,McClelland Lake Fen - West
Y:248@13:CT,Y,248@13,CT,54.865996,-111.60934,0,1,NA,unmineable,West of Touchwood PRA
Y:248@13:NE,Y,248@13,NE,54.86868,-111.60484,0,1,NA,unmineable,West of Touchwood PRA
Y:248@13:NW,Y,248@13,NW,54.869107,-111.61228,0,1,NA,unmineable,West of Touchwood PRA
Y:248@13:SE,Y,248@13,SE,54.863415,-111.60466,0,1,NA,unmineable,West of Touchwood PRA
Y:248@13:SW,Y,248@13,SW,54.863377,-111.614,0,1,NA,unmineable,West of Touchwood PRA
Y:253@7:NE,Y,253@7,NE,57.480754,-111.20068,1,1,east,east,McClelland Lake Fen - East
Y:253@7:NW,Y,253@7,NW,57.478037,-111.20878,1,1,east,east,McClelland Lake Fen - East
Y:253@7:SE,Y,253@7,SE,57.473391,-111.2042,1,1,east,east,McClelland Lake Fen - East
Y:253@7:SW,Y,253@7,SW,57.471476,-111.21611,1,1,east,east,McClelland Lake Fen - East
Y:257@15:CT,Y,257@15,CT,55.157235,-111.67741,0,1,NA,unmineable,Grazing Lease 820577
Y:257@15:NE,Y,257@15,NE,55.159984,-111.6727,0,1,NA,unmineable,Grazing Lease 820577
Y:257@15:NW,Y,257@15,NW,55.159904,-111.68212,0,1,NA,unmineable,Grazing Lease 820577
Y:257@15:SE,Y,257@15,SE,55.154683,-111.67239,0,1,NA,unmineable,Grazing Lease 820577
Y:257@15:SW,Y,257@15,SW,55.154621,-111.68196,0,1,NA,unmineable,Grazing Lease 820577
Y:258@15:CT,Y,258@15,CT,55.14241,-111.68441,0,1,NA,unmineable,Grazing Lease 820577
Y:258@15:NE,Y,258@15,NE,55.145363,-111.67911,0,1,NA,unmineable,Grazing Lease 820577
Y:258@15:NW,Y,258@15,NW,55.145245,-111.68845,0,1,NA,unmineable,Grazing Lease 820577
Y:258@15:SE,Y,258@15,SE,55.139801,-111.67909,0,1,NA,unmineable,Grazing Lease 820577
Y:258@15:SW,Y,258@15,SW,55.139821,-111.6889,0,1,NA,unmineable,Grazing Lease 820577
Y:260@7:NE,Y,260@7,NE,57.478257,-111.1825,1,1,east,east,McClelland Lake Fen - East
Y:260@7:NW,Y,260@7,NW,57.477622,-111.1925,1,1,east,east,McClelland Lake Fen - East
Y:260@7:SE,Y,260@7,SE,57.472633,-111.18282,1,1,east,east,McClelland Lake Fen - East
Y:260@7:SW,Y,260@7,SW,57.472407,-111.19326,1,1,east,east,McClelland Lake Fen - East
Y:261@7:NE,Y,261@7,NE,57.467358,-111.18445,1,1,east,east,McClelland Lake Fen - East
Y:261@7:NW,Y,261@7,NW,57.467953,-111.19477,1,1,east,east,McClelland Lake Fen - East
Y:261@7:SE,Y,261@7,SE,57.461301,-111.18625,1,1,east,east,McClelland Lake Fen - East
Y:261@7:SW,Y,261@7,SW,57.461611,-111.19494,1,1,east,east,McClelland Lake Fen - East
Y:262@7:NE,Y,262@7,NE,57.467253,-111.20579,1,1,east,east,McClelland Lake Fen - East
Y:262@7:NW,Y,262@7,NW,57.467246,-111.21532,1,1,east,east,McClelland Lake Fen - East
Y:262@7:SE,Y,262@7,SE,57.461612,-111.20592,1,1,east,east,McClelland Lake Fen - East
Y:262@7:SW,Y,262@7,SW,57.462287,-111.21568,1,1,east,east,McClelland Lake Fen - East
Y:263@7:NE,Y,263@7,NE,57.456753,-111.21594,1,1,east,east,McClelland Lake Fen - East
Y:263@7:NW,Y,263@7,NW,57.456755,-111.22541,1,1,east,east,McClelland Lake Fen - East
Y:265@23:A,Y,265@23,A,57.371373,-111.2393,1,1,east,east,McClelland Lake Fen - East
Y:265@23:B,Y,265@23,B,57.371979,-111.22765,1,1,east,east,McClelland Lake Fen - East
Y:265@23:C,Y,265@23,C,57.36511,-111.23067,1,1,east,east,McClelland Lake Fen - East
Y:265@23:D,Y,265@23,D,57.363503,-111.2399,1,1,east,east,McClelland Lake Fen - East
Y:266@23:A,Y,266@23,A,57.369863,-111.28299,1,1,east,east,McClelland Lake Fen - East
Y:266@23:B,Y,266@23,B,57.364407,-111.28454,1,1,east,east,McClelland Lake Fen - East
Y:266@23:C,Y,266@23,C,57.370581,-111.29507,1,1,east,east,McClelland Lake Fen - East
Y:266@23:D,Y,266@23,D,57.376168,-111.29127,1,1,east,east,McClelland Lake Fen - East
Y:267@23:A,Y,267@23,A,57.365731,-111.31321,1,1,east,east,McClelland Lake Fen - East
Y:267@23:B,Y,267@23,B,57.35945,-111.31783,1,1,east,east,McClelland Lake Fen - East
Y:267@23:C,Y,267@23,C,57.363186,-111.31078,1,1,east,east,McClelland Lake Fen - East
Y:267@23:D,Y,267@23,D,57.359788,-111.32603,1,1,east,east,McClelland Lake Fen - East
Y:268@23:A,Y,268@23,A,57.345268,-111.29092,1,1,east,east,McClelland Lake Fen - East
Y:268@23:B,Y,268@23,B,57.345087,-111.28346,1,1,east,east,McClelland Lake Fen - East
Y:268@23:C,Y,268@23,C,57.348392,-111.28794,1,1,east,east,McClelland Lake Fen - East
Y:268@23:D,Y,268@23,D,57.349166,-111.29893,1,1,east,east,McClelland Lake Fen - East
Y:273@19:CT,Y,273@19,CT,55.725324,-111.11293,0,1,NA,unmineable,NA
Y:273@19:NE,Y,273@19,NE,55.728424,-111.10888,0,1,NA,unmineable,NA
Y:273@19:NW,Y,273@19,NW,55.727988,-111.11735,0,1,NA,unmineable,NA
Y:273@19:SE,Y,273@19,SE,55.72392,-111.10836,0,1,NA,unmineable,NA
Y:273@19:SW,Y,273@19,SW,55.723024,-111.11841,0,1,NA,unmineable,NA
Y:274@19:CT,Y,274@19,CT,55.736464,-111.11098,0,1,NA,unmineable,NA
Y:274@19:NE,Y,274@19,NE,55.740547,-111.10732,0,1,NA,unmineable,NA
Y:274@19:NW,Y,274@19,NW,55.741608,-111.11689,0,1,NA,unmineable,NA
Y:274@19:SE,Y,274@19,SE,55.734976,-111.10727,0,1,NA,unmineable,NA
Y:274@19:SW,Y,274@19,SW,55.734636,-111.11624,0,1,NA,unmineable,NA
Y:276@20:CT,Y,276@20,CT,55.721518,-111.00011,0,1,NA,unmineable,NA
Y:276@20:NE,Y,276@20,NE,55.724007,-110.994,0,1,NA,unmineable,NA
Y:276@20:NW,Y,276@20,NW,55.723297,-111.00244000000001,0,1,NA,unmineable,NA
Y:276@20:SE,Y,276@20,SE,55.719604,-110.99273,0,1,NA,unmineable,NA
Y:276@20:SW,Y,276@20,SW,55.719604,-111.00307,0,1,NA,unmineable,NA
Y:277@20:CT,Y,277@20,CT,55.724678,-110.97403,0,1,NA,unmineable,NA
Y:277@20:NE,Y,277@20,NE,55.727373,-110.96925,0,1,NA,unmineable,NA
Y:277@20:NW,Y,277@20,NW,55.727312,-110.97881,0,1,NA,unmineable,NA
Y:277@20:SE,Y,277@20,SE,55.721981,-110.96926,0,1,NA,unmineable,NA
Y:277@20:SW,Y,277@20,SW,55.722114,-110.97875,0,1,NA,unmineable,NA
Y:280@21:CT,Y,280@21,CT,56.01044,-110.7979,0,1,NA,unmineable,Northwest of Janvier
Y:280@21:NE,Y,280@21,NE,56.013065,-110.79298,0,1,NA,unmineable,Northwest of Janvier
Y:280@21:NW,Y,280@21,NW,56.01309,-110.80259,0,1,NA,unmineable,Northwest of Janvier
Y:280@21:SE,Y,280@21,SE,56.007836,-110.79326,0,1,NA,unmineable,Northwest of Janvier
Y:280@21:SW,Y,280@21,SW,56.007707,-110.80242,0,1,NA,unmineable,Northwest of Janvier
Y:281@21:CT,Y,281@21,CT,56.008522,-110.8178,0,1,NA,unmineable,Northwest of Janvier
Y:281@21:NE,Y,281@21,NE,56.011013,-110.81358,0,1,NA,unmineable,Northwest of Janvier
Y:281@21:NW,Y,281@21,NW,56.011224,-110.8226,0,1,NA,unmineable,Northwest of Janvier
Y:281@21:SE,Y,281@21,SE,56.005819,-110.813,0,1,NA,unmineable,Northwest of Janvier
Y:281@21:SW,Y,281@21,SW,56.005833,-110.82262,0,1,NA,unmineable,Northwest of Janvier
Y:282@23:A,Y,282@23,A,57.35653,-111.25029,1,1,east,east,McClelland Lake Fen - East
Y:282@23:B,Y,282@23,B,57.35246,-111.255,1,1,east,east,McClelland Lake Fen - East
Y:282@23:D,Y,282@23,D,57.355509,-111.26604,1,1,east,east,McClelland Lake Fen - East
Y:287@22:CT,Y,287@22,CT,56.570422,-111.25267,0,1,NA,unmineable,NA
Y:287@22:NE,Y,287@22,NE,56.572341,-111.24743,0,1,NA,unmineable,NA
Y:287@22:NW,Y,287@22,NW,56.571903,-111.25759,0,1,NA,unmineable,NA
Y:287@22:SE,Y,287@22,SE,56.567023,-111.24745,0,1,NA,unmineable,NA
Y:287@22:SW,Y,287@22,SW,56.567003,-111.25721,0,1,NA,unmineable,NA
Y:288@23:CT,Y,288@23,CT,57.314824,-111.35739,1,1,east,east,McClelland Lake Fen - East
Y:288@23:NE,Y,288@23,NE,57.317568,-111.35249,1,1,east,east,McClelland Lake Fen - East
Y:288@23:NW,Y,288@23,NW,57.317486,-111.36243,1,1,east,east,McClelland Lake Fen - East
Y:288@23:SE,Y,288@23,SE,57.312152,-111.3524,1,1,east,east,McClelland Lake Fen - East
Y:288@23:SW,Y,288@23,SW,57.312114,-111.36233,1,1,east,east,McClelland Lake Fen - East
Y:290@23:CT,Y,290@23,CT,57.342613,-111.34281,1,1,east,east,McClelland Lake Fen - East
Y:290@23:NE,Y,290@23,NE,57.344772,-111.33826,1,1,east,east,McClelland Lake Fen - East
Y:290@23:NW,Y,290@23,NW,57.344151,-111.3454,1,1,east,east,McClelland Lake Fen - East
Y:290@23:SE,Y,290@23,SE,57.339805,-111.33803,1,1,east,east,McClelland Lake Fen - East
Y:290@23:SW,Y,290@23,SW,57.339787,-111.348,1,1,east,east,McClelland Lake Fen - East
Y:291@23:CT,Y,291@23,CT,57.341904,-111.32227,1,1,east,east,McClelland Lake Fen - East
Y:291@23:NE,Y,291@23,NE,57.344602,-111.31722,1,1,east,east,McClelland Lake Fen - East
Y:291@23:NW,Y,291@23,NW,57.344478,-111.32734,1,1,east,east,McClelland Lake Fen - East
Y:291@23:SE,Y,291@23,SE,57.339213,-111.31721,1,1,east,east,McClelland Lake Fen - East
Y:291@23:SW,Y,291@23,SW,57.339187,-111.32716,1,1,east,east,McClelland Lake Fen - East
Y:293@23:CT,Y,293@23,CT,57.330598,-111.34442,1,1,east,east,McClelland Lake Fen - East
Y:293@23:NE,Y,293@23,NE,57.333342,-111.33948,1,1,east,east,McClelland Lake Fen - East
Y:293@23:NW,Y,293@23,NW,57.333279,-111.34948,1,1,east,east,McClelland Lake Fen - East
Y:293@23:SE,Y,293@23,SE,57.327953,-111.3394,1,1,east,east,McClelland Lake Fen - East
Y:293@23:SW,Y,293@23,SW,57.327908,-111.34931,1,1,east,east,McClelland Lake Fen - East
Y:294@24:CT,Y,294@24,CT,57.434713,-111.51803,1,1,west,west,McClelland Lake Fen - West
Y:294@24:NE,Y,294@24,NE,57.437522,-111.51267,1,1,west,west,McClelland Lake Fen - West
Y:294@24:NW,Y,294@24,NW,57.436843,-111.52278,1,1,west,west,McClelland Lake Fen - West
Y:294@24:SE,Y,294@24,SE,57.432334,-111.51265,1,1,west,west,McClelland Lake Fen - West
Y:294@24:SW,Y,294@24,SW,57.43229,-111.52288,1,1,west,west,McClelland Lake Fen - West
Y:295@24:CT,Y,295@24,CT,57.434125,-111.50065,1,1,west,west,McClelland Lake Fen - West
Y:295@24:NE,Y,295@24,NE,57.436952,-111.49584,1,1,west,west,McClelland Lake Fen - West
Y:295@24:NW,Y,295@24,NW,57.436799,-111.50568,1,1,west,west,McClelland Lake Fen - West
Y:295@24:SE,Y,295@24,SE,57.43145,-111.49561,1,1,west,west,McClelland Lake Fen - West
Y:295@24:SW,Y,295@24,SW,57.43141,-111.50561,1,1,west,west,McClelland Lake Fen - West
Y:296@24:CT,Y,296@24,CT,57.438344,-111.45138,1,1,west,west,McClelland Lake Fen - West
Y:296@24:NE,Y,296@24,NE,57.441428,-111.44804,1,1,west,west,McClelland Lake Fen - West
Y:296@24:NW,Y,296@24,NW,57.441296,-111.45641,1,1,west,west,McClelland Lake Fen - West
Y:296@24:SE,Y,296@24,SE,57.436608,-111.44541,1,1,west,west,McClelland Lake Fen - West
Y:296@24:SW,Y,296@24,SW,57.43635,-111.45691,1,1,west,west,McClelland Lake Fen - West
Y:297@24:CT,Y,297@24,CT,57.451236,-111.42766,1,1,west,west,McClelland Lake Fen - West
Y:297@24:NE,Y,297@24,NE,57.453948,-111.42269,1,1,west,west,McClelland Lake Fen - West
Y:297@24:NW,Y,297@24,NW,57.453914,-111.43269,1,1,west,west,McClelland Lake Fen - West
Y:297@24:SE,Y,297@24,SE,57.448558,-111.42263,1,1,west,west,McClelland Lake Fen - West
Y:297@24:SW,Y,297@24,SW,57.448525,-111.43263,1,1,west,west,McClelland Lake Fen - West
Y:298@24:CT,Y,298@24,CT,57.458764,-111.39761,1,1,west,west,McClelland Lake Fen - West
Y:298@24:NE,Y,298@24,NE,57.461385,-111.3924,1,1,west,west,McClelland Lake Fen - West
Y:298@24:NW,Y,298@24,NW,57.461442,-111.40264,1,1,west,west,McClelland Lake Fen - West
Y:298@24:SE,Y,298@24,SE,57.456084,-111.39258,1,1,west,west,McClelland Lake Fen - West
Y:298@24:SW,Y,298@24,SW,57.456053,-111.40258,1,1,west,west,McClelland Lake Fen - West
Y:299@24:CT,Y,299@24,CT,57.477021,-111.4021,1,1,west,west,McClelland Lake Fen - West
Y:299@24:NE,Y,299@24,NE,57.479713,-111.39711,1,1,west,west,McClelland Lake Fen - West
Y:299@24:NW,Y,299@24,NW,57.479699,-111.40714,1,1,west,west,McClelland Lake Fen - West
Y:299@24:SE,Y,299@24,SE,57.474324,-111.39701,1,1,west,west,McClelland Lake Fen - West
Y:299@24:SW,Y,299@24,SW,57.47431,-111.40698,1,1,west,west,McClelland Lake Fen - West
Y:300@25:CT,Y,300@25,CT,57.449016,-111.20157,1,1,east,east,McClelland Lake Fen - East
Y:300@25:NE,Y,300@25,NE,57.451772,-111.19697,1,1,east,east,McClelland Lake Fen - East
Y:300@25:NW,Y,300@25,NW,57.451729,-111.20693,1,1,east,east,McClelland Lake Fen - East
Y:300@25:SE,Y,300@25,SE,57.446355,-111.19684,1,1,east,east,McClelland Lake Fen - East
Y:300@25:SW,Y,300@25,SW,57.446375,-111.20677,1,1,east,east,McClelland Lake Fen - East
Y:301@25:CT,Y,301@25,CT,57.432376,-111.20896,1,1,east,east,McClelland Lake Fen - East
Y:301@25:NE,Y,301@25,NE,57.435007,-111.20419,1,1,east,east,McClelland Lake Fen - East
Y:301@25:NW,Y,301@25,NW,57.435027,-111.21413,1,1,east,east,McClelland Lake Fen - East
Y:301@25:SE,Y,301@25,SE,57.429618,-111.20414,1,1,east,east,McClelland Lake Fen - East
Y:301@25:SW,Y,301@25,SW,57.429601,-111.21425,1,1,east,east,McClelland Lake Fen - East
Y:302@25:CT,Y,302@25,CT,57.410525,-111.19176,1,1,east,east,McClelland Lake Fen - East
Y:302@25:F,Y,302@25,F,57.416944,-111.19195,1,1,east,east,McClelland Lake Fen - East
Y:302@25:NE,Y,302@25,NE,57.413208,-111.18726,1,1,east,east,McClelland Lake Fen - East
Y:302@25:NW,Y,302@25,NW,57.413032,-111.19604,1,1,east,east,McClelland Lake Fen - East
Y:302@25:SE,Y,302@25,SE,57.407903,-111.18976,1,1,east,east,McClelland Lake Fen - East
Y:302@25:SW,Y,302@25,SW,57.407631,-111.19616,1,1,east,east,McClelland Lake Fen - East
Y:303@25:CT,Y,303@25,CT,57.435968,-111.23051,1,1,east,east,McClelland Lake Fen - East
Y:303@25:NE,Y,303@25,NE,57.438798,-111.22528,1,1,east,east,McClelland Lake Fen - East
Y:303@25:NW,Y,303@25,NW,57.438833,-111.23551,1,1,east,east,McClelland Lake Fen - East
Y:303@25:SE,Y,303@25,SE,57.433417,-111.22543,1,1,east,east,McClelland Lake Fen - East
Y:303@25:SW,Y,303@25,SW,57.433435,-111.23538,1,1,east,east,McClelland Lake Fen - East
Y:304@25:A,Y,304@25,A,57.424413,-111.18881,1,1,east,east,McClelland Lake Fen - East
Y:304@25:CT,Y,304@25,CT,57.421347,-111.20245,1,1,east,east,McClelland Lake Fen - East
Y:304@25:NE,Y,304@25,NE,57.424171,-111.19751,1,1,east,east,McClelland Lake Fen - East
Y:304@25:NW,Y,304@25,NW,57.423964,-111.20688,1,1,east,east,McClelland Lake Fen - East
Y:304@25:SE,Y,304@25,SE,57.418542,-111.19807,1,1,east,east,McClelland Lake Fen - East
Y:304@25:SW,Y,304@25,SW,57.418601,-111.20735,1,1,east,east,McClelland Lake Fen - East
Y:305@25:CT,Y,305@25,CT,57.395722,-111.21152,1,1,east,east,McClelland Lake Fen - East
Y:305@25:NE,Y,305@25,NE,57.397917,-111.20939,1,1,east,east,McClelland Lake Fen - East
Y:305@25:NW,Y,305@25,NW,57.398358,-111.21943,1,1,east,east,McClelland Lake Fen - East
Y:308@26:CT,Y,308@26,CT,55.612809,-110.80438,0,1,NA,unmineable,NA
Y:308@26:NE,Y,308@26,NE,55.614113,-110.79944,0,1,NA,unmineable,NA
Y:308@26:NW,Y,308@26,NW,55.615422,-110.80888,0,1,NA,unmineable,NA
Y:308@26:SE,Y,308@26,SE,55.610196,-110.79971,0,1,NA,unmineable,NA
Y:308@26:SW,Y,308@26,SW,55.610255,-110.80884,0,1,NA,unmineable,NA
Y:313@27:CT,Y,313@27,CT,56.277118,-110.85675,0,1,NA,unmineable,NA
Y:313@27:NE,Y,313@27,NE,56.279808,-110.8519,0,1,NA,unmineable,NA
Y:313@27:NW,Y,313@27,NW,56.279819,-110.86159,0,1,NA,unmineable,NA
Y:313@27:SE,Y,313@27,SE,56.274417,-110.85192,0,1,NA,unmineable,NA
Y:313@27:SW,Y,313@27,SW,56.274428,-110.86161,0,1,NA,unmineable,NA
Y:317@27:CT,Y,317@27,CT,56.24791,-110.98365,0,1,NA,unmineable,NA
Y:317@27:NE,Y,317@27,NE,56.250605,-110.97881,0,1,NA,unmineable,NA
Y:317@27:NW,Y,317@27,NW,56.250606,-110.98849,0,1,NA,unmineable,NA
Y:317@27:SE,Y,317@27,SE,56.245214,-110.97881,0,1,NA,unmineable,NA
Y:317@27:SW,Y,317@27,SW,56.245215,-110.98849,0,1,NA,unmineable,NA
Y:318@27:CT,Y,318@27,CT,56.291603,-110.98825,0,1,NA,unmineable,NA
Y:318@27:NE,Y,318@27,NE,56.294288,-110.98341,0,1,NA,unmineable,NA
Y:318@27:NW,Y,318@27,NW,56.294298,-110.9931,0,1,NA,unmineable,NA
Y:318@27:SE,Y,318@27,SE,56.288907,-110.98341,0,1,NA,unmineable,NA
Y:318@27:SW,Y,318@27,SW,56.288908,-110.9931,0,1,NA,unmineable,NA
Y:319@27:CT,Y,319@27,CT,56.330162,-110.94582,0,1,NA,unmineable,NA
Y:319@27:NE,Y,319@27,NE,56.332855,-110.94097,0,1,NA,unmineable,NA
Y:319@27:NW,Y,319@27,NW,56.332859,-110.95067,0,1,NA,unmineable,NA
Y:319@27:SE,Y,319@27,SE,56.327464,-110.94098,0,1,NA,unmineable,NA
Y:319@27:SW,Y,319@27,SW,56.327468,-110.95068,0,1,NA,unmineable,NA
Y:322@25:SW,Y,322@25,SW,57.436394,-111.18481,1,1,east,east,McClelland Lake Fen - East
Y:323@25:CT,Y,323@25,CT,57.439185,-111.20346,1,1,east,east,McClelland Lake Fen - East
Y:323@25:NE,Y,323@25,NE,57.440928,-111.19776,1,1,east,east,McClelland Lake Fen - East
Y:323@25:NW,Y,323@25,NW,57.440898,-111.20562,1,1,east,east,McClelland Lake Fen - East
Y:323@25:SE,Y,323@25,SE,57.437038,-111.1982,1,1,east,east,McClelland Lake Fen - East
Y:323@25:SW,Y,323@25,SW,57.43808,-111.20945,1,1,east,east,McClelland Lake Fen - East
Y:324@25:CT,Y,324@25,CT,57.431518,-111.1893,1,1,east,east,McClelland Lake Fen - East
Y:324@25:NE,Y,324@25,NE,57.436223,-111.18484,1,1,east,east,McClelland Lake Fen - East
Y:324@25:NW,Y,324@25,NW,57.433588,-111.19294,1,1,east,east,McClelland Lake Fen - East
Y:324@25:SE,Y,324@25,SE,57.427111,-111.18693,1,1,east,east,McClelland Lake Fen - East
Y:324@25:SW,Y,324@25,SW,57.428035,-111.19361,1,1,east,east,McClelland Lake Fen - East
Y:328@30:CT,Y,328@30,CT,55.865935,-110.71663,0,1,NA,unmineable,NA
Y:328@30:NE,Y,328@30,NE,55.868334,-110.71256,0,1,NA,unmineable,NA
Y:328@30:NW,Y,328@30,NW,55.868633,-110.72138,0,1,NA,unmineable,NA
Y:328@30:SE,Y,328@30,SE,55.863264,-110.71181,0,1,NA,unmineable,NA
Y:328@30:SW,Y,328@30,SW,55.863287,-110.72149,0,1,NA,unmineable,NA
Y:329@30:CT,Y,329@30,CT,55.861026,-110.68585,0,1,NA,unmineable,NA
Y:329@30:NE,Y,329@30,NE,55.863523,-110.68166,0,1,NA,unmineable,NA
Y:329@30:NW,Y,329@30,NW,55.863725,-110.6907,0,1,NA,unmineable,NA
Y:329@30:SE,Y,329@30,SE,55.858301,-110.68106,0,1,NA,unmineable,NA
Y:329@30:SW,Y,329@30,SW,55.858351999999996,-110.69068,0,1,NA,unmineable,NA
Y:330@31:CT,Y,330@31,CT,55.914698,-110.62592,0,1,NA,unmineable,NA
Y:330@31:NE,Y,330@31,NE,55.917183,-110.6217,0,1,NA,unmineable,NA
Y:330@31:NW,Y,330@31,NW,55.917408,-110.63069,0,1,NA,unmineable,NA
Y:330@31:SE,Y,330@31,SE,55.911984,-110.62136,0,1,NA,unmineable,NA
Y:330@31:SW,Y,330@31,SW,55.912017,-110.63074,0,1,NA,unmineable,NA
Y:331@31:CT,Y,331@31,CT,55.915868,-110.54873,0,1,NA,unmineable,NA
Y:331@31:NE,Y,331@31,NE,55.91854,-110.54484,0,1,NA,unmineable,NA
Y:331@31:NW,Y,331@31,NW,55.918575,-110.55439,0,1,NA,unmineable,NA
Y:331@31:SE,Y,331@31,SE,55.913149,-110.54485,0,1,NA,unmineable,NA
Y:331@31:SW,Y,331@31,SW,55.912743,-110.55658,0,1,NA,unmineable,NA
Y:333@31:CT,Y,333@31,CT,55.900848,-110.5619,0,1,NA,unmineable,NA
Y:333@31:NE,Y,333@31,NE,55.90333,-110.55768,0,1,NA,unmineable,NA
Y:333@31:NW,Y,333@31,NW,55.90356,-110.56667,0,1,NA,unmineable,NA
Y:333@31:SE,Y,333@31,SE,55.898135,-110.55714,0,1,NA,unmineable,NA
Y:333@31:SW,Y,333@31,SW,55.898169,-110.56673,0,1,NA,unmineable,NA
Y:341@25:CT,Y,341@25,CT,57.424323,-111.22571,1,1,east,east,McClelland Lake Fen - East
Y:341@25:NE,Y,341@25,NE,57.426234,-111.22003,1,1,east,east,McClelland Lake Fen - East
Y:341@25:NW,Y,341@25,NW,57.426374,-111.23039,1,1,east,east,McClelland Lake Fen - East
Y:341@25:SE,Y,341@25,SE,57.421713,-111.22172,1,1,east,east,McClelland Lake Fen - East
Y:341@25:SW,Y,341@25,SW,57.420847,-111.23013,1,1,east,east,McClelland Lake Fen - East
Y:342@25:A,Y,342@25,A,57.413563,-111.20575,1,1,east,east,McClelland Lake Fen - East
Y:342@25:CT,Y,342@25,CT,57.405389,-111.20673,1,1,east,east,McClelland Lake Fen - East
Y:342@25:NE,Y,342@25,NE,57.408018,-111.19992,1,1,east,east,McClelland Lake Fen - East
Y:342@25:NW,Y,342@25,NW,57.407765,-111.21043,1,1,east,east,McClelland Lake Fen - East
Y:342@25:SE,Y,342@25,SE,57.402151,-111.19967,1,1,east,east,McClelland Lake Fen - East
Y:343@25:A,Y,343@25,A,57.405401,-111.19205,1,1,east,east,McClelland Lake Fen - East
Y:343@25:CT,Y,343@25,CT,57.401176,-111.18967,1,1,east,east,McClelland Lake Fen - East
Y:343@25:NE,Y,343@25,NE,57.400332,-111.18788,1,1,east,east,McClelland Lake Fen - East
Y:343@25:NW,Y,343@25,NW,57.403856,-111.19748,1,1,east,east,McClelland Lake Fen - East
Y:343@25:SW,Y,343@25,SW,57.398543,-111.18835,1,1,east,east,McClelland Lake Fen - East
Y:344@25:CT,Y,344@25,CT,57.365759,-111.09809,1,1,east,east,McClelland Lake Fen - East
Y:344@25:NE,Y,344@25,NE,57.368036,-111.09311,1,1,east,east,McClelland Lake Fen - East
Y:344@25:NW,Y,344@25,NW,57.370157,-111.10287,1,1,east,east,McClelland Lake Fen - East
Y:344@25:SE,Y,344@25,SE,57.362916,-111.09308,1,1,east,east,McClelland Lake Fen - East
Y:344@25:SW,Y,344@25,SW,57.362944,-111.10338,1,1,east,east,McClelland Lake Fen - East
Y:346@25:NW,Y,346@25,NW,57.293037,-111.22189,1,1,east,east,McClelland Lake Fen - East
Y:346@25:SW,Y,346@25,SW,57.287397,-111.22135,1,1,east,east,McClelland Lake Fen - East
Y:350@24:CT,Y,350@24,CT,57.434436,-111.47702,1,1,west,west,McClelland Lake Fen - West
Y:350@24:NE,Y,350@24,NE,57.436777,-111.4721,1,1,west,west,McClelland Lake Fen - West
Y:350@24:NW,Y,350@24,NW,57.436895,-111.48061,1,1,west,west,McClelland Lake Fen - West
Y:350@24:SE,Y,350@24,SE,57.431396,-111.47203,1,1,west,west,McClelland Lake Fen - West
Y:350@24:SW,Y,350@24,SW,57.431446,-111.4835,1,1,west,west,McClelland Lake Fen - West
Y:352@23:CT,Y,352@23,CT,57.328916,-111.32142,1,1,east,east,McClelland Lake Fen - East
Y:352@23:NE,Y,352@23,NE,57.331405,-111.31789,1,1,east,east,McClelland Lake Fen - East
Y:352@23:NW,Y,352@23,NW,57.331433,-111.3279,1,1,east,east,McClelland Lake Fen - East
Y:352@23:SE,Y,352@23,SE,57.326006,-111.31776,1,1,east,east,McClelland Lake Fen - East
Y:352@23:SW,Y,352@23,SW,57.326025,-111.32772,1,1,east,east,McClelland Lake Fen - East
Y:353@24:I,Y,353@24,I,57.505173,-111.35716,1,1,west,west,McClelland Lake Fen - West
Y:353@24:J,Y,353@24,J,57.499956,-111.35985,1,1,west,west,McClelland Lake Fen - West
Y:372@16:A,Y,372@16,A,54.530624,-111.13395,0,1,NA,unmineable,NA
Y:372@16:B,Y,372@16,B,54.532343,-111.14679,0,1,NA,unmineable,NA
Y:372@16:C,Y,372@16,C,54.538602,-111.14428,0,1,NA,unmineable,NA
Y:372@16:D,Y,372@16,D,54.542635,-111.13808,0,1,NA,unmineable,NA
Y:372@16:E,Y,372@16,E,54.539774,-111.1245,0,1,NA,unmineable,NA
Y:381@19:CT,Y,381@19,CT,56.012172,-110.83199,0,1,NA,unmineable,Northwest of Janvier
Y:381@19:NE,Y,381@19,NE,56.014574,-110.82791,0,1,NA,unmineable,Northwest of Janvier
Y:381@19:NW,Y,381@19,NW,56.01491,-110.83713,0,1,NA,unmineable,Northwest of Janvier
Y:381@19:SE,Y,381@19,SE,56.009335,-110.82722,0,1,NA,unmineable,Northwest of Janvier
Y:381@19:SW,Y,381@19,SW,56.01118,-110.83618,0,1,NA,unmineable,Northwest of Janvier
Y:391@14:CT,Y,391@14,CT,55.118245,-111.75491,0,1,NA,unmineable,NA
Y:391@14:NE,Y,391@14,NE,55.120961,-111.75027,0,1,NA,unmineable,NA
Y:391@14:NW,Y,391@14,NW,55.120858,-111.75971,0,1,NA,unmineable,NA
Y:391@14:SE,Y,391@14,SE,55.116002,-111.7501,0,1,NA,unmineable,NA
Y:391@14:SW,Y,391@14,SW,55.115584,-111.75957,0,1,NA,unmineable,NA
Y:397@37:A,Y,397@37,A,55.042443,-112.10647,0,1,NA,unmineable,NA
Y:397@37:B,Y,397@37,B,55.041677,-112.11456,0,1,NA,unmineable,NA
Y:397@37:C,Y,397@37,C,55.036344,-112.11373,0,1,NA,unmineable,NA
Y:397@37:D,Y,397@37,D,55.045915,-112.11371,0,1,NA,unmineable,NA
Y:397@37:E,Y,397@37,E,55.041056,-112.12344,0,1,NA,unmineable,NA
Y:399@13:A,Y,399@13,A,54.855008,-111.54484,0,1,NA,unmineable,NA
Y:399@13:B,Y,399@13,B,54.850499,-111.54011,0,1,NA,unmineable,NA
Y:399@13:C,Y,399@13,C,54.851339,-111.54727,0,1,NA,unmineable,NA
Y:399@13:D,Y,399@13,D,54.84944,-111.55576,0,1,NA,unmineable,NA
Y:412@39:A,Y,412@39,A,54.96463,-111.85257,0,1,NA,unmineable,NA
Y:412@39:B,Y,412@39,B,54.971146,-111.8515,0,1,NA,unmineable,NA
Y:412@39:C,Y,412@39,C,54.976455,-111.85335,0,1,NA,unmineable,NA
Y:412@39:D,Y,412@39,D,54.967515,-111.8415,0,1,NA,unmineable,NA
Y:412@39:E,Y,412@39,E,54.96793,-111.83222,0,1,NA,unmineable,NA
Y:414@39:A,Y,414@39,A,54.98038,-111.83628,0,1,NA,unmineable,NA
Y:414@39:B,Y,414@39,B,54.983945,-111.83014,0,1,NA,unmineable,NA
Y:414@39:C,Y,414@39,C,54.975167,-111.8205,0,1,NA,unmineable,NA
Y:414@39:E,Y,414@39,E,54.984761,-111.82116,0,1,NA,unmineable,NA
Y:416@39:C,Y,416@39,C,54.948935,-111.76963,0,1,NA,unmineable,NA
Y:416@39:D,Y,416@39,D,54.942722,-111.77293,0,1,NA,unmineable,NA
Y:416@39:E,Y,416@39,E,54.945984,-111.76734,0,1,NA,unmineable,NA
Y:421@58:A,Y,421@58,A,54.749331,-112.35655,0,1,NA,unmineable,NA
Y:421@58:B,Y,421@58,B,54.754204,-112.36921,0,1,NA,unmineable,NA
Y:421@58:C,Y,421@58,C,54.748557,-112.36704,0,1,NA,unmineable,NA
Y:421@58:D,Y,421@58,D,54.743441,-112.37517,0,1,NA,unmineable,NA
Y:421@58:E,Y,421@58,E,54.74025,-112.3926,0,1,NA,unmineable,NA
Y:458@50:CT,Y,458@50,CT,55.674169,-110.88983,0,1,NA,unmineable,NA
Y:458@50:NE,Y,458@50,NE,55.675881,-110.88454,0,1,NA,unmineable,NA
Y:458@50:NW,Y,458@50,NW,55.676645,-110.89491,0,1,NA,unmineable,NA
Y:458@50:SE,Y,458@50,SE,55.671029,-110.88527,0,1,NA,unmineable,NA
Y:458@50:SW,Y,458@50,SW,55.67164,-110.89518,0,1,NA,unmineable,NA
Y:463@50:A,Y,463@50,A,55.696081,-110.88577,0,1,NA,unmineable,NA
Y:463@50:B,Y,463@50,B,55.698391,-110.89649,0,1,NA,unmineable,NA
Y:463@50:C,Y,463@50,C,55.693708,-110.89419,0,1,NA,unmineable,NA
Y:463@50:D,Y,463@50,D,55.68929,-110.89761,0,1,NA,unmineable,NA
Y:463@50:E,Y,463@50,E,55.683416,-110.8902,0,1,NA,unmineable,NA
Y:464@21:A,Y,464@21,A,56.024152,-110.88097,0,1,NA,unmineable,Northwest of Janvier
Y:464@21:B,Y,464@21,B,56.023613,-110.87213,0,1,NA,unmineable,Northwest of Janvier
Y:464@21:C,Y,464@21,C,56.022237,-110.86278,0,1,NA,unmineable,Northwest of Janvier
Y:464@21:D,Y,464@21,D,56.027502,-110.86283,0,1,NA,unmineable,Northwest of Janvier
Y:464@21:E,Y,464@21,E,56.015233,-110.86655,0,1,NA,unmineable,Northwest of Janvier
Y:467@53:A,Y,467@53,A,56.025843,-113.32228,0,1,NA,unmineable,NA
Y:467@53:B,Y,467@53,B,56.028902,-113.31415,0,1,NA,unmineable,NA
Y:467@53:C,Y,467@53,C,56.028836,-113.32198,0,1,NA,unmineable,NA
Y:467@53:D,Y,467@53,D,56.03232,-113.32216,0,1,NA,unmineable,NA
Y:467@53:E,Y,467@53,E,56.028643,-113.32887,0,1,NA,unmineable,NA
Y:473@55:CT,Y,473@55,CT,55.94719,-113.83117,0,1,NA,unmineable,NA
Y:473@55:NE,Y,473@55,NE,55.951438,-113.82977,0,1,NA,unmineable,NA
Y:473@55:NW,Y,473@55,NW,55.948345,-113.8376,0,1,NA,unmineable,NA
Y:473@55:SE,Y,473@55,SE,55.946954,-113.8234,0,1,NA,unmineable,NA
